repositorio,usuario,location
octocat/Hello-World,Spaceghost,UTC-8
octocat/Hello-World,octocat,San Francisco
octocat/Hello-World,Cameron423698,N/A
github/training-kit,beardofedu,Florida
github/training-kit,brianamarie,Berlin
github/training-kit,hectorsector,"Orlando, FL"
github/training-kit,hollenberry,"Seattle, WA"
github/training-kit,JasonEtco,"Toronto, ON"
github/training-kit,brntbeer,Amsterdam
github/training-kit,crichID,NC
github/training-kit,parkerbxyz,United States
github/training-kit,mirenbz,Donostia
github/training-kit,randomecho,"Kentucky, United States"
github/training-kit,dependabot[bot],N/A
github/training-kit,southgate,"Lisbon, PT"
github/training-kit,r5atom,N/A
github/training-kit,ghaseminya,Iran
github/training-kit,felipedau,0xC5A49047572A0D47
github/training-kit,lmkeston,N/A
github/training-kit,afeld,"Brooklyn, NY"
github/training-kit,kamon,Paris
github/training-kit,stoe,Earth
github/training-kit,lucie-docs,Berlin
github/training-kit,Maharramoff,"Azerbaijan, Baku"
github/training-kit,FerPerales,"Guadalajara, Mexico"
github/training-kit,githubstudent,"amsterdam, Netherlands"
github/training-kit,janedallaway,"Brighton, UK"
github/training-kit,outsideris,"Gyeonggi-do, Republic of Korea"
github/training-kit,ingilniero,"Colima, Mexico"
github/training-kit,bkimminich,"Hamburg, Germany"
github/training-kit,mattdavis0351,N/A
github/training-kit,andres-mancera,"San Jose, CA"
github/training-kit,vyablonskyy,Ukraine
github/training-kit,dice,Tokyo
github/training-kit,pavel-karpovich,"Georgia, Tbilisi"
github/training-kit,lidilidian,N/A
github/training-kit,PeterBell,"New York, NY"
github/training-kit,phil-blain,"MontrÃ©al, QC"
github/training-kit,bgr8,Remote
github/training-kit,stamat,"Belgrade, Serbia"
github/training-kit,imba-tjd,China
github/training-kit,sdq,UK
github/training-kit,regexaurus,N/A
github/training-kit,hkasera,Seattle
github/training-kit,PeterDaveHello,"Taiwan, R.O.C"
github/training-kit,Deledrius,"Jurupa Valley, CA"
github/training-kit,fadamiao,SÃ£o Paulo
github/training-kit,bolaram,"Dhaka,Bangladesh"
github/training-kit,hcanna,"Omaha, Nebraska"
github/training-kit,marekdlugos,"Lausanne, Switzerland"
github/training-kit,timsneath,N/A
github/training-kit,tobiasahlin,Sweden
github/training-kit,pastelmind,Seoul
github/training-kit,anneloreegger,Zurich
github/training-kit,hissy,"Tokyo, Japan"
github/training-kit,pedrorijo91,"Lisbon, Portugal"
github/training-kit,remigioamc,N/A
github/training-kit,leereilly,"San Francisco, CA"
github/training-kit,felipec,"Monterrey, Mexico"
github/training-kit,fayasnoushad,"Kerala, India"
github/training-kit,mitogh,"Oaxaca, MÃ©xico."
github/training-kit,gh0st,"Nevada, United States"
github/training-kit,brandonrosage,"Austin, TX"
github/training-kit,Ashikpaul,"Bengaluru, Karnataka, India"
github/training-kit,extend1994,WWW
github/training-kit,akxt1022,Umbergaon
github/training-kit,oferlitver,Tel-aviv
github/training-kit,haacked,"Bellevue, WA"
github/training-kit,iamphill,"Liverpool, UK"
github/training-kit,pkirlin,"Memphis, TN"
github/training-kit,kwadrat,N/A
github/training-kit,ppremk,Netherlands
github/training-kit,priyanka010392,Bengaluru
github/training-kit,whatupfoo,"Chicago, IL"
github/training-kit,rblcoder,India
github/training-kit,sametcelikbicak,"Izmir, Turkey"
github/training-kit,Nixinova,New Zealand
github/training-kit,NishkarshRaj,"Manhattan, New York"
github/training-kit,torn4dom4n,Vietnam
github/training-kit,mohitm15,Indian Institute Of Technology Jodhpur
github/training-kit,MitchellCash,Aussie in Scotland
github/training-kit,mikerobards,"Atlanta, GA"
github/training-kit,mlandgraf1,N/A
github/training-kit,MarkHershey,Singapore
github/training-kit,marciopuga,Sydney
github/training-kit,marceloboeira,"$[ğŸ‡ªğŸ‡º |=> ğŸ‡©ğŸ‡ª, ğŸ‡®ğŸ‡¹, ğŸ‡§ğŸ‡·, ğŸ‡²ğŸ‡¹]"
github/training-kit,wsipak,N/A
github/training-kit,tterb,"Bay Area, CA"
github/training-kit,thseong,"Seoul, Republic of Korea"
github/training-kit,tajh,N/A
github/training-kit,pwasik371,N/A
github/training-kit,nirajacharyaa,N/A
github/training-kit,lynkas,~/
github/training-kit,javadr,N/A
github/training-kit,mocha8686,N/A
github/training-kit,gvasilakiss,United Kingdom
github/training-kit,florianl,N/A
github/training-kit,adhikasp,Jakarta
github/training-kit,zeke,"Berkeley, CA"
github/training-kit,vineelsai26,India
github/training-kit,krvaibhaw,5th dimension
github/training-kit,krysti500,Poland
github/training-kit,peterparkers,USA New Jersey
github/training-kit,Sreyanth,"Mountain View, CA"
github/training-kit,shivaylamba,"New Delhi, India"
github/training-kit,bastilian,N/A
github/training-kit,Flossertoday,N/A
github/training-kit,eronisko,Bratislava
github/training-kit,ErikPelli,"Padova, Italy"
github/training-kit,edazpotato,N/A
github/training-kit,elmedico27,N/A
github/training-kit,Diptenusarkar,"Nadia, India "
github/training-kit,Devrajsinh-Gohil,India
github/training-kit,denmch,"Seattle, WA"
github/training-kit,dannluciano,SÃ£o Raimundo Nonato
github/training-kit,taz,"Tasmania, Australia"
github/training-kit,bazzaar,N/A
github/training-kit,bkeyvani,N/A
github/training-kit,aravinds-arv,Terra / Earth
github/training-kit,antonio,"Huelva, Spain"
github/training-kit,rybak,"Munich, Germany"
github/training-kit,anastasiaeg,"Raleigh, NC"
github/training-kit,Alshurafa,United States
github/training-kit,Abhiknoldur,Noida India
github/training-kit,cseas,"Bangalore, India"
github/training-kit,srabhayraj,"Jaipur, Rajasthan, India"
github/training-kit,mainak-debnath,India
github/training-kit,luissquall,"MÃ©rida, MÃ©xico"
github/training-kit,lornajane,UK
github/training-kit,last-genius,N/A
github/training-kit,zdikov,N/A
github/training-kit,keangkai,N/A
github/training-kit,jsw100,"Norwich, UK"
github/training-kit,feefladder,N/A
github/training-kit,isunjn,"Beijing, China"
github/training-kit,Yulgana33,N/A
github/training-kit,jcabak,Poland
github/training-kit,ishanbagchi,India
github/training-kit,OrthoDex,"Berkeley, CA"
github/training-kit,IonicaBizau,âœˆ
github/training-kit,hrishikesh-kadam,"Pune, India"
github/training-kit,harry-hov,"Remote, India"
github/training-kit,grammaton,"Rome, Italy"
github/training-kit,gmacario,Italy
github/training-kit,geunkim,N/A
github/training-kit,gwood,N/A
