repo,user,location
freeCodeCamp/freeCodeCamp,camperbot,Internet
freeCodeCamp/freeCodeCamp,raisedadead,"Bengaluru, India"
freeCodeCamp/freeCodeCamp,ojeytonwilliams,N/A
freeCodeCamp/freeCodeCamp,renovate[bot],N/A
freeCodeCamp/freeCodeCamp,sahat,Remote
freeCodeCamp/freeCodeCamp,renovate-bot,N/A
freeCodeCamp/freeCodeCamp,Bouncey,Northern Ireland
freeCodeCamp/freeCodeCamp,terakilobyte,N/A
freeCodeCamp/freeCodeCamp,moT01,N/A
freeCodeCamp/freeCodeCamp,SaintPeter,"Roseville, CA"
freeCodeCamp/freeCodeCamp,ltegman,"Redmond, Washington"
freeCodeCamp/freeCodeCamp,benmcmahon100,"Dublin, Ireland"
freeCodeCamp/freeCodeCamp,erictleung,"New York, NY"
freeCodeCamp/freeCodeCamp,ahmaxed,Istanbul
freeCodeCamp/freeCodeCamp,QuincyLarson,"Dallas, Texas, US, Earth"
freeCodeCamp/freeCodeCamp,BerkeleyTrue,Floating Endlessly Through Time and Space
freeCodeCamp/freeCodeCamp,dependabot[bot],N/A
freeCodeCamp/freeCodeCamp,ShaunSHamilton,South Africa
freeCodeCamp/freeCodeCamp,RandellDawson,"St. George, UT"
freeCodeCamp/freeCodeCamp,bugron,"Yerevan, Armenia"
freeCodeCamp/freeCodeCamp,huyenltnguyen,N/A
freeCodeCamp/freeCodeCamp,dhcodes,N/A
freeCodeCamp/freeCodeCamp,Sembauke,Netherlands
freeCodeCamp/freeCodeCamp,ilenia-magoni,"Bologna, Italy"
freeCodeCamp/freeCodeCamp,scissorsneedfoodtoo,"Daegu, South Korea"
freeCodeCamp/freeCodeCamp,abhisekp,India
freeCodeCamp/freeCodeCamp,jdwilkin4,N/A
freeCodeCamp/freeCodeCamp,Supravisor,N/A
freeCodeCamp/freeCodeCamp,a2937,N/A
freeCodeCamp/freeCodeCamp,ValeraS,Amsterdam
freeCodeCamp/freeCodeCamp,Greenheart,Zürich
freeCodeCamp/freeCodeCamp,gikf,"Warsaw, Poland"
freeCodeCamp/freeCodeCamp,Dario-DC,N/A
freeCodeCamp/freeCodeCamp,Sboonny,Egypt
freeCodeCamp/freeCodeCamp,lasjorg,N/A
freeCodeCamp/freeCodeCamp,Manish-Giri,"Round Rock, TX"
freeCodeCamp/freeCodeCamp,thecodingaviator,"New York, NY"
freeCodeCamp/freeCodeCamp,zairahira,Islamabad
freeCodeCamp/freeCodeCamp,clarencepenz,N/A
freeCodeCamp/freeCodeCamp,sidemt,N/A
freeCodeCamp/freeCodeCamp,Nirajn2311,N/A
freeCodeCamp/freeCodeCamp,no-stack-dub-sack,"Brooklyn, NY"
freeCodeCamp/freeCodeCamp,greenkeeperio-bot,☁️
freeCodeCamp/freeCodeCamp,systimotic,"Breda, The Netherlands"
freeCodeCamp/freeCodeCamp,vtamara,"Bogotá, Colombia"
freeCodeCamp/freeCodeCamp,Giftea,"Lagos, Nigeria"
freeCodeCamp/freeCodeCamp,bbsmooth,PDX
freeCodeCamp/freeCodeCamp,beaucarnes,"Grand Rapids, MI"
freeCodeCamp/freeCodeCamp,AryanJ-NYC,"New York, NY"
freeCodeCamp/freeCodeCamp,DanielRosa74,N/A
freeCodeCamp/freeCodeCamp,BKinahan,N/A
freeCodeCamp/freeCodeCamp,greggubarev,N/A
freeCodeCamp/freeCodeCamp,jonathan-grah,United Kingdom
freeCodeCamp/freeCodeCamp,gagan-bhullar-tech,"Edmonton, Canada"
freeCodeCamp/freeCodeCamp,miyaliu666,China
freeCodeCamp/freeCodeCamp,justinian336,Japan
freeCodeCamp/freeCodeCamp,darthmeme,N/A
freeCodeCamp/freeCodeCamp,alvinkl,Jakarta
freeCodeCamp/freeCodeCamp,iamrajiv,"Bengaluru, India"
freeCodeCamp/freeCodeCamp,jeremylt,"Denver, CO"
freeCodeCamp/freeCodeCamp,anastasiiauk,Ukraine
freeCodeCamp/freeCodeCamp,Ksound22,Africa
freeCodeCamp/freeCodeCamp,CleoAguiar,Brasil
freeCodeCamp/freeCodeCamp,mmatsumoto1026,N/A
freeCodeCamp/freeCodeCamp,natac13,Canada
freeCodeCamp/freeCodeCamp,JungLee-Dev,N/A
freeCodeCamp/freeCodeCamp,alistermada,"Malang, Indonesia"
freeCodeCamp/freeCodeCamp,ZhichengChen,ShenZhen
freeCodeCamp/freeCodeCamp,c0d1ng-ma5ter,freeCodeCamp
freeCodeCamp/freeCodeCamp,BTmathic,"Kingston, Canada"
freeCodeCamp/freeCodeCamp,pdtrang,N/A
freeCodeCamp/freeCodeCamp,nieldakarla,N/A
freeCodeCamp/freeCodeCamp,JosephLivengood,"San Francisco, CA"
freeCodeCamp/freeCodeCamp,dokkillo,Madrid
freeCodeCamp/freeCodeCamp,hbar1st,N/A
freeCodeCamp/freeCodeCamp,NitronR,Bangalore
freeCodeCamp/freeCodeCamp,patsul12,"Seattle, WA"
freeCodeCamp/freeCodeCamp,ezioda004,Bangalore
freeCodeCamp/freeCodeCamp,arku,N/A
freeCodeCamp/freeCodeCamp,weilirs,"Charlotte, NC"
freeCodeCamp/freeCodeCamp,DDaems,Belgium
freeCodeCamp/freeCodeCamp,AshNaz87,"London, UK"
freeCodeCamp/freeCodeCamp,HKuz,N/A
freeCodeCamp/freeCodeCamp,larymak,Kenya
freeCodeCamp/freeCodeCamp,JoolsMcFly,N/A
freeCodeCamp/freeCodeCamp,RafaelDavisH,"Richmond, VA"
freeCodeCamp/freeCodeCamp,TyMick,"Bellingham, Washington, USA"
freeCodeCamp/freeCodeCamp,ihechikara,Nigeria
freeCodeCamp/freeCodeCamp,aldraco,Colorado
freeCodeCamp/freeCodeCamp,elcodex,N/A
freeCodeCamp/freeCodeCamp,vkWeb,"Raipur, India"
freeCodeCamp/freeCodeCamp,RGHANILOO,N/A
freeCodeCamp/freeCodeCamp,dev-kamil,N/A
freeCodeCamp/freeCodeCamp,alanbares,N/A
freeCodeCamp/freeCodeCamp,raditotev,London
freeCodeCamp/freeCodeCamp,joel-bentley,"Ann Arbor, MI"
freeCodeCamp/freeCodeCamp,GeneralZero,N/A
freeCodeCamp/freeCodeCamp,hassaanp,Islamabad
freeCodeCamp/freeCodeCamp,naomi-lgbt,N/A
freeCodeCamp/freeCodeCamp,lipis,"Thessaloniki, Greece"
freeCodeCamp/freeCodeCamp,awu43,N/A
freeCodeCamp/freeCodeCamp,nayabatir1,"West Bengal, India"
freeCodeCamp/freeCodeCamp,MGenteluci,Rio de Janeiro - Brazil
freeCodeCamp/freeCodeCamp,shootermv,Jerusalem
freeCodeCamp/freeCodeCamp,agilan11,N/A
freeCodeCamp/freeCodeCamp,joshalling,"Monmouth, OR"
freeCodeCamp/freeCodeCamp,MiloATH,N/A
freeCodeCamp/freeCodeCamp,joseteIIo,Remote
freeCodeCamp/freeCodeCamp,sahilkhurana19,"New Delhi, India"
freeCodeCamp/freeCodeCamp,arizfaiyaz,N/A
freeCodeCamp/freeCodeCamp,brandenbyers,"Portland, Oregon"
freeCodeCamp/freeCodeCamp,Vimal-Raghubir,N/A
freeCodeCamp/freeCodeCamp,Twaha-Rahman,"Dhaka, Bangladesh"
freeCodeCamp/freeCodeCamp,thecaffeinedev,"Hyderabad, Telangana"
freeCodeCamp/freeCodeCamp,altsun,"Hanoi, Vietnam"
freeCodeCamp/freeCodeCamp,Em-Ant,Italy
freeCodeCamp/freeCodeCamp,brenoxav,Brazil
freeCodeCamp/freeCodeCamp,gforce2k5,"Beer Sheva, Israel"
freeCodeCamp/freeCodeCamp,jbmartinez,N/A
freeCodeCamp/freeCodeCamp,aditijoshi14,N/A
freeCodeCamp/freeCodeCamp,aulisius,N/A
freeCodeCamp/freeCodeCamp,z0x0936,Mars
freeCodeCamp/freeCodeCamp,cmccormack,Arizona
freeCodeCamp/freeCodeCamp,bonham000,N/A
freeCodeCamp/freeCodeCamp,SudhakarKuma,"Mumbai, India"
freeCodeCamp/freeCodeCamp,Re1nGer,"Latvia, Riga"
freeCodeCamp/freeCodeCamp,AdrianSkar,"Madrid, Spain"
freeCodeCamp/freeCodeCamp,Ismailtlem,Internet
freeCodeCamp/freeCodeCamp,LenaBarinova,"Seattle, WA"
freeCodeCamp/freeCodeCamp,Ethan-Arrowood,Colorado
freeCodeCamp/freeCodeCamp,Dana94,N/A
freeCodeCamp/freeCodeCamp,pbnj,"San Diego, CA"
freeCodeCamp/freeCodeCamp,tcyrus,United States
freeCodeCamp/freeCodeCamp,robbawebba,"Los Angeles, CA"
freeCodeCamp/freeCodeCamp,alexch,"San Francisco, CA"
freeCodeCamp/freeCodeCamp,AungMyoKyaw,Singapore
freeCodeCamp/freeCodeCamp,tannerabread,Louisiana
freeCodeCamp/freeCodeCamp,dmytroyarmak,"Kyiv, Ukraine"
freeCodeCamp/freeCodeCamp,igorhideki,N/A
freeCodeCamp/freeCodeCamp,michael-krebs,N/A
freeCodeCamp/freeCodeCamp,ptsurbeleu,N/A
freeCodeCamp/freeCodeCamp,cuongpham24,N/A
freeCodeCamp/freeCodeCamp,alirezaghey,N/A
freeCodeCamp/freeCodeCamp,estefaniacn,N/A
freeCodeCamp/freeCodeCamp,Kernix13,"Berea, Kentucky"
freeCodeCamp/freeCodeCamp,Atomk,Italy
freeCodeCamp/freeCodeCamp,KartikSoneji,"Mumbai, Maharashtra, India"
freeCodeCamp/freeCodeCamp,figitalboy,N/A
freeCodeCamp/freeCodeCamp,ninadingole,"Berlin, Germany"
freeCodeCamp/freeCodeCamp,ailyntang,"Melbourne, Australia"
freeCodeCamp/freeCodeCamp,Nitz2611,127.0.0.1
freeCodeCamp/freeCodeCamp,rahulsuresh-git,"Austin, TX, USA"
freeCodeCamp/freeCodeCamp,Riya267,India
freeCodeCamp/freeCodeCamp,StephenMuya,"Nairobi, Kenya"
freeCodeCamp/freeCodeCamp,StuartMosquera,"Alto Paraná, Paraguay"
freeCodeCamp/freeCodeCamp,iLtc,N/A
freeCodeCamp/freeCodeCamp,drecali,"Seoul, South Korea"
freeCodeCamp/freeCodeCamp,nishant-tomer,N/A
freeCodeCamp/freeCodeCamp,gmal1,N/A
freeCodeCamp/freeCodeCamp,adrianwithah,N/A
freeCodeCamp/freeCodeCamp,KevTrang00,"Sydney, Australia"
freeCodeCamp/freeCodeCamp,DylanDevelops,"Los Angeles, California"
freeCodeCamp/freeCodeCamp,javi-aranda,"Málaga, Spain"
freeCodeCamp/freeCodeCamp,alfredojry,Brazil
freeCodeCamp/freeCodeCamp,AnonSar,N/A
freeCodeCamp/freeCodeCamp,DerrykBoyd,"Edmonton, AB"
freeCodeCamp/freeCodeCamp,eltociear,"Tokyo, Japan"
freeCodeCamp/freeCodeCamp,saadanerdetbare,N/A
freeCodeCamp/freeCodeCamp,juricazuanovic,"Slatina, Croatia"
freeCodeCamp/freeCodeCamp,kelvinsanchez15,"Spring, Texas"
freeCodeCamp/freeCodeCamp,mtrifilo,"Chandler, AZ"
freeCodeCamp/freeCodeCamp,MohamadSalman11,Germany
freeCodeCamp/freeCodeCamp,MrRenter,N/A
freeCodeCamp/freeCodeCamp,NatashaHaggard,"Austin, TX"
freeCodeCamp/freeCodeCamp,bqnguyen94,Singapore
freeCodeCamp/freeCodeCamp,bekliev,"Moscow, Russia"
freeCodeCamp/freeCodeCamp,pranayberry,N/A
freeCodeCamp/freeCodeCamp,rayswebpresence,N/A
freeCodeCamp/freeCodeCamp,SuperSurok,Saint Petersburg
freeCodeCamp/freeCodeCamp,S1ngS1ng,"Union City, CA"
freeCodeCamp/freeCodeCamp,richard937,"Jalpaiguri, West Bengal"
freeCodeCamp/freeCodeCamp,zxc-w,N/A
freeCodeCamp/freeCodeCamp,Sriparno08,Earth
freeCodeCamp/freeCodeCamp,victor-duarte,Boston
freeCodeCamp/freeCodeCamp,sitek94,"Wrocław, Poland"
freeCodeCamp/freeCodeCamp,vishnudt2004,N/A
freeCodeCamp/freeCodeCamp,kalmufti,"United States, IL"
freeCodeCamp/freeCodeCamp,JordanMooree,Chicago
freeCodeCamp/freeCodeCamp,johnkennedy9147,Scotland
freeCodeCamp/freeCodeCamp,qwe163,N/A
freeCodeCamp/freeCodeCamp,ficarvalho,Brazil
freeCodeCamp/freeCodeCamp,Cesar-Jim,Mexico
freeCodeCamp/freeCodeCamp,kurzninja,"New Orleans, LA"
freeCodeCamp/freeCodeCamp,alexgoldsmith,N/A
freeCodeCamp/freeCodeCamp,marciokuroki,N/A
freeCodeCamp/freeCodeCamp,padulam,N/A
freeCodeCamp/freeCodeCamp,shubhshrma,"Chandigarh,India"
freeCodeCamp/freeCodeCamp,drguildo,"Aberystwyth, Wales"
freeCodeCamp/freeCodeCamp,tanmaygautam11,"Jaipur, Rajasthan"
freeCodeCamp/freeCodeCamp,tchaffee,N/A
freeCodeCamp/freeCodeCamp,kindhartcoding,"Simi Valley, CA"
freeCodeCamp/freeCodeCamp,avastu,San Francisco
freeCodeCamp/freeCodeCamp,varunzxzx,"Bangalore, India"
freeCodeCamp/freeCodeCamp,westonplatter,"Denver, CO"
freeCodeCamp/freeCodeCamp,hanswang123456,N/A
freeCodeCamp/freeCodeCamp,krantzinator,"Wilmington, DE"
freeCodeCamp/freeCodeCamp,mstellaluna,"Montreal, Canada"
freeCodeCamp/freeCodeCamp,AngShiYa,Singapore
freeCodeCamp/freeCodeCamp,aferreira44,"Lisbon, Portugal"
freeCodeCamp/freeCodeCamp,ankitaggarwal011,"San Francisco, CA"
freeCodeCamp/freeCodeCamp,andrew-mackie,N/A
freeCodeCamp/freeCodeCamp,ShaggyTech,"Texas, USA"
freeCodeCamp/freeCodeCamp,carolinaknoll,Florianópolis/SC – Brazil
freeCodeCamp/freeCodeCamp,CubeSkyy,Portugal
freeCodeCamp/freeCodeCamp,dakshshah96,India
freeCodeCamp/freeCodeCamp,HelioGuilherme66,Portugal
freeCodeCamp/freeCodeCamp,ivantedja,Indonesia
freeCodeCamp/freeCodeCamp,jamos-tay,Singapore
freeCodeCamp/freeCodeCamp,jnmorse,"NH, USA"
freeCodeCamp/freeCodeCamp,KhraksMamtsov,"Montenegro, Budva"
freeCodeCamp/freeCodeCamp,MarceloDamian,N/A
freeCodeCamp/freeCodeCamp,martinkwan,N/A
freeCodeCamp/freeCodeCamp,Nitin96Bisht,"New Delhi, India"
freeCodeCamp/freeCodeCamp,sagarjhaa,"Palo Alto, California"
freeCodeCamp/freeCodeCamp,samanthakem,"San Diego, CA, USA"
freeCodeCamp/freeCodeCamp,Shermjj,N/A
freeCodeCamp/freeCodeCamp,Shi974,Reunion Island
freeCodeCamp/freeCodeCamp,sayaliKutwal,"Pune, Maharashtra, India"
freeCodeCamp/freeCodeCamp,scotran,Texas
freeCodeCamp/freeCodeCamp,thegodland,"Chicago, IL"
freeCodeCamp/freeCodeCamp,shashankgoyal171,N/A
freeCodeCamp/freeCodeCamp,Shiva-Sai-ssb,India
freeCodeCamp/freeCodeCamp,Thyago,"Berlin, DE"
freeCodeCamp/freeCodeCamp,VegaDeftwing,Nebraska
freeCodeCamp/freeCodeCamp,dvorakvlad,Poland
freeCodeCamp/freeCodeCamp,willydavidjr,Philippines
freeCodeCamp/freeCodeCamp,csteacher1,N/A
freeCodeCamp/freeCodeCamp,hangaebal,N/A
freeCodeCamp/freeCodeCamp,rktanikawa,N/A
freeCodeCamp/freeCodeCamp,texas2010,N/A
freeCodeCamp/freeCodeCamp,RyanElliottGit,N/A
freeCodeCamp/freeCodeCamp,SomeDer,N/A
freeCodeCamp/freeCodeCamp,anassalam,"Karachi, Pakistan"
freeCodeCamp/freeCodeCamp,Asjas,South Africa
freeCodeCamp/freeCodeCamp,alevanni,"Groningen, NL"
freeCodeCamp/freeCodeCamp,anku255,India
freeCodeCamp/freeCodeCamp,dzmdre,EU
freeCodeCamp/freeCodeCamp,emerconn,"Wisconsin, USA"
freeCodeCamp/freeCodeCamp,fhsinchy,Bangladesh
freeCodeCamp/freeCodeCamp,HasanAbdullah31,N/A
freeCodeCamp/freeCodeCamp,ipaulin,N/A
freeCodeCamp/freeCodeCamp,prateekgoel,Bengaluru
freeCodeCamp/freeCodeCamp,prabhakaryadav2003,N/A
freeCodeCamp/freeCodeCamp,oalhait,LA / SF
freeCodeCamp/freeCodeCamp,nicoletlopez,Philippines
freeCodeCamp/freeCodeCamp,aquelemiguel,"Porto, Portugal"
freeCodeCamp/freeCodeCamp,povar163,N/A
freeCodeCamp/freeCodeCamp,JGH85,N/A
freeCodeCamp/freeCodeCamp,jtoledo3970,N/A
freeCodeCamp/freeCodeCamp,jaho92,N/A
freeCodeCamp/freeCodeCamp,1jds,N/A
freeCodeCamp/freeCodeCamp,tahmid-ul,"Sylhet, Bangladesh"
freeCodeCamp/freeCodeCamp,Sneerbol,Ukraine
freeCodeCamp/freeCodeCamp,abisz,Vienna
freeCodeCamp/freeCodeCamp,shafrazi,Sri Lanka
freeCodeCamp/freeCodeCamp,valenzsa,"New Jersey, USA"
freeCodeCamp/freeCodeCamp,sanskriti2005,"New Delhi, India"
freeCodeCamp/freeCodeCamp,RichardLim00,N/A
freeCodeCamp/freeCodeCamp,Redhairedgadget,N/A
freeCodeCamp/freeCodeCamp,rarmatei,"Glasgow, UK"
freeCodeCamp/freeCodeCamp,RBenBeach,N/A
freeCodeCamp/freeCodeCamp,mpmaan,N/A
freeCodeCamp/freeCodeCamp,Hpauric,Dublin
freeCodeCamp/freeCodeCamp,paulywill,"Barrie, ON"
freeCodeCamp/freeCodeCamp,AtelesPaniscus,EU
freeCodeCamp/freeCodeCamp,od-c0d3r,Remote
freeCodeCamp/freeCodeCamp,NolanChan,"Diamond Bar, CA"
freeCodeCamp/freeCodeCamp,hegdenischay,"Bengaluru, India"
freeCodeCamp/freeCodeCamp,ncaron,"Berlin, Germany"
freeCodeCamp/freeCodeCamp,felixonmars,"Wuhan, China"
freeCodeCamp/freeCodeCamp,yves1011,N/A
freeCodeCamp/freeCodeCamp,winsonrich,Hong Kong
freeCodeCamp/freeCodeCamp,wilstenholme,"Portland, ME"
freeCodeCamp/freeCodeCamp,tommygebru,N/A
freeCodeCamp/freeCodeCamp,sonorangirl,"Scottsdale, AZ"
freeCodeCamp/freeCodeCamp,semantic-release-bot,CI
freeCodeCamp/freeCodeCamp,olhadon,N/A
freeCodeCamp/freeCodeCamp,codetwinkles,N/A
freeCodeCamp/freeCodeCamp,melascuco,N/A
freeCodeCamp/freeCodeCamp,letalumil,Lisbon
freeCodeCamp/freeCodeCamp,jasonranney,N/A
freeCodeCamp/freeCodeCamp,fuserMRX,Ukraine
freeCodeCamp/freeCodeCamp,elazzabi,Morocco
freeCodeCamp/freeCodeCamp,ds-91,N/A
freeCodeCamp/freeCodeCamp,absentMindedDeveloper,N/A
freeCodeCamp/freeCodeCamp,KravMaguy,chi town
freeCodeCamp/freeCodeCamp,ZebulanStanphill,N/A
freeCodeCamp/freeCodeCamp,dyx9,N/A
freeCodeCamp/freeCodeCamp,waldoluisribeiro,"Rome, Italy"
freeCodeCamp/freeCodeCamp,xnt,N/A
freeCodeCamp/freeCodeCamp,Thaurin,N/A
freeCodeCamp/freeCodeCamp,evertonrbraga,São José dos Campos - SP
freeCodeCamp/freeCodeCamp,Evaldas22,Lithuania
freeCodeCamp/freeCodeCamp,DusanSacha,Vienna
freeCodeCamp/freeCodeCamp,dulcehc,N/A
freeCodeCamp/freeCodeCamp,dorelljames,"Cebu, Philippines"
freeCodeCamp/freeCodeCamp,djordjelacmanovic,Montenegro
freeCodeCamp/freeCodeCamp,davidpucheta,"Xalapa, México"
freeCodeCamp/freeCodeCamp,codeman869,N/A
freeCodeCamp/freeCodeCamp,treece,U.S.A.
freeCodeCamp/freeCodeCamp,agilebelma,Downunder
freeCodeCamp/freeCodeCamp,bearz314,N/A
freeCodeCamp/freeCodeCamp,lsomacruzl,N/A
freeCodeCamp/freeCodeCamp,dervish86,Kyiv
freeCodeCamp/freeCodeCamp,alanpaulprice,"Wales, United Kingdom"
freeCodeCamp/freeCodeCamp,Ajay-2005,"Palakkad, Kerala "
freeCodeCamp/freeCodeCamp,AZhandaulet,N/A
freeCodeCamp/freeCodeCamp,Agung1606,Indonesia
freeCodeCamp/freeCodeCamp,AdilsonMoraes,N/A
freeCodeCamp/freeCodeCamp,adityaarakeri,San Francisco Bay Area
freeCodeCamp/freeCodeCamp,nativedone,Sydney/AU
freeCodeCamp/freeCodeCamp,NicholausJ,"Dallas, TX"
freeCodeCamp/freeCodeCamp,duffn,N/A
freeCodeCamp/freeCodeCamp,nathanhannig,"San Diego, CA"
freeCodeCamp/freeCodeCamp,NailRusty,Russia
freeCodeCamp/freeCodeCamp,marcusparsons,Florida
freeCodeCamp/freeCodeCamp,iceicelogan,St. Louis
freeCodeCamp/freeCodeCamp,LeoGuilherme,N/A
freeCodeCamp/freeCodeCamp,Hahlh,Germany
freeCodeCamp/freeCodeCamp,lalov1,"San Antonio, TX"
freeCodeCamp/freeCodeCamp,KrsBB,Barcelona
freeCodeCamp/freeCodeCamp,JosephinesGhost,Rio de Janeiro
freeCodeCamp/freeCodeCamp,gabrieldomene,Brazil
freeCodeCamp/freeCodeCamp,storbeck,United States
freeCodeCamp/freeCodeCamp,GonzaloGM,N/A
freeCodeCamp/freeCodeCamp,iabrenne,"Grafton, WI"
freeCodeCamp/freeCodeCamp,jamigibbs,Chicago
freeCodeCamp/freeCodeCamp,jnahan,New York
freeCodeCamp/freeCodeCamp,jonathanihm,N/A
freeCodeCamp/freeCodeCamp,pha3t0n,"Bay Area, CA"
freeCodeCamp/freeCodeCamp,lugDroid,Spain
freeCodeCamp/freeCodeCamp,eulerkochy,IIT Kharagpur
freeCodeCamp/freeCodeCamp,curiouscoding22,N/A
freeCodeCamp/freeCodeCamp,Renthos,USA
freeCodeCamp/freeCodeCamp,salim97,Worldwide
freeCodeCamp/freeCodeCamp,Awes0meM4n,Spain
freeCodeCamp/freeCodeCamp,vardhanaav,N/A
freeCodeCamp/freeCodeCamp,Vrturo,"Seattle, Wa"
freeCodeCamp/freeCodeCamp,Arif-Khalid,N/A
freeCodeCamp/freeCodeCamp,AnugrahRochmat,Indonesia
freeCodeCamp/freeCodeCamp,AntTAKEOVER,N/A
freeCodeCamp/freeCodeCamp,atabas,Waterloo
freeCodeCamp/freeCodeCamp,angelisamaria,N/A
freeCodeCamp/freeCodeCamp,brianacowles,"Rochester, New York"
freeCodeCamp/freeCodeCamp,bala92x,Hungary
freeCodeCamp/freeCodeCamp,alfarolabs,Las Vegas
freeCodeCamp/freeCodeCamp,CarolineGriffin,N/A
freeCodeCamp/freeCodeCamp,carysmills,Canada
freeCodeCamp/freeCodeCamp,ChiselD,N/A
freeCodeCamp/freeCodeCamp,clylo,Toronto
freeCodeCamp/freeCodeCamp,cmjesz,"Newfane, NY"
freeCodeCamp/freeCodeCamp,chris-at-jobber,Edmonton
freeCodeCamp/freeCodeCamp,crs2here,"Murrieta, CA"
freeCodeCamp/freeCodeCamp,Adarsh-sophos,India
freeCodeCamp/freeCodeCamp,Timmymichael,N/A
freeCodeCamp/freeCodeCamp,aditya-sridhar,"Earth, Milky Way, Virgo SC"
freeCodeCamp/freeCodeCamp,AdrianoCh,"Porto Alegre, Brasil"
freeCodeCamp/freeCodeCamp,Ahmadkashif,N/A
freeCodeCamp/freeCodeCamp,Tharwaat,Egypt
freeCodeCamp/freeCodeCamp,12aikerim,N/A
freeCodeCamp/freeCodeCamp,AkshayBabbar,Delhi
freeCodeCamp/freeCodeCamp,alagumuthiah,"Seattle, WA"
freeCodeCamp/freeCodeCamp,aksenoff,Saint-Petersburg
freeCodeCamp/freeCodeCamp,alexChurkin,N/A
freeCodeCamp/freeCodeCamp,awwakum,"Schleswig, Germany"
freeCodeCamp/freeCodeCamp,alex-hjkl,Germany
freeCodeCamp/freeCodeCamp,amit-deshwal,"Pune,Maharashtra"
freeCodeCamp/freeCodeCamp,aosimeon,ubivis
freeCodeCamp/freeCodeCamp,amylearnscode,"Sacramento, CA"
freeCodeCamp/freeCodeCamp,noandersonls,"Santiago, Chile."
freeCodeCamp/freeCodeCamp,agsh,Universe
freeCodeCamp/freeCodeCamp,rxxsta,N/A
freeCodeCamp/freeCodeCamp,don0t,N/A
freeCodeCamp/freeCodeCamp,abutler911,Utah
codecrafters-io/build-your-own-x,danistefanovic,Switzerland
codecrafters-io/build-your-own-x,rohitpaulk,San Francisco
codecrafters-io/build-your-own-x,sarupbanskota,N/A
codecrafters-io/build-your-own-x,fake-rookie,N/A
codecrafters-io/build-your-own-x,bauripalash,India
codecrafters-io/build-your-own-x,louisdainguyen,"Prague, Czech Republic"
codecrafters-io/build-your-own-x,VENCYR,N/A
codecrafters-io/build-your-own-x,mstuttgart,Brazil
codecrafters-io/build-your-own-x,imlakshay08,"New Delhi, India"
codecrafters-io/build-your-own-x,joaorlima,"Curitiba, Brazil"
codecrafters-io/build-your-own-x,bepisdev,"Melbourne, Australia"
codecrafters-io/build-your-own-x,jserv,"Taipei City, Taiwan"
codecrafters-io/build-your-own-x,danielbarnes175,"Minneapolis, Minnesota"
codecrafters-io/build-your-own-x,M0nica,"New York, New York"
codecrafters-io/build-your-own-x,xmonader,Egypt
codecrafters-io/build-your-own-x,lotharschulz,Berlin / Germany
codecrafters-io/build-your-own-x,kopylovvlad,Moscow
codecrafters-io/build-your-own-x,dineshgowda24,Dubai
codecrafters-io/build-your-own-x,vasanthk,San Francisco
codecrafters-io/build-your-own-x,lethalbrains,N/A
codecrafters-io/build-your-own-x,toolboc,Houston
codecrafters-io/build-your-own-x,0xMH,N/A
codecrafters-io/build-your-own-x,Oatelaus,UK
codecrafters-io/build-your-own-x,lakuapik,"Semarang, Indonesia"
codecrafters-io/build-your-own-x,CodeCrateDev,N/A
codecrafters-io/build-your-own-x,cliffordfajardo,"Bay Area, California"
codecrafters-io/build-your-own-x,Otman404,"Rabat, Morocco"
codecrafters-io/build-your-own-x,guuzaa,İstanbul
codecrafters-io/build-your-own-x,ranyitz,Amsterdam
codecrafters-io/build-your-own-x,caaatisgood,London
codecrafters-io/build-your-own-x,RohithS98,India
codecrafters-io/build-your-own-x,RusinovAnton,"Kyiv, Ukraine"
codecrafters-io/build-your-own-x,hasanisaeed,N/A
codecrafters-io/build-your-own-x,sandoche,Spain
codecrafters-io/build-your-own-x,parmort,N/A
codecrafters-io/build-your-own-x,SeungUkLee,"Republic Of Korea, Busan"
codecrafters-io/build-your-own-x,sn99,N/A
codecrafters-io/build-your-own-x,sujaldev,"New Delhi, India"
codecrafters-io/build-your-own-x,trekhleb,San Francisco Bay Area
codecrafters-io/build-your-own-x,ncharlton02,Ohio
codecrafters-io/build-your-own-x,MichaelHinrichs,N/A
codecrafters-io/build-your-own-x,nikital,N/A
codecrafters-io/build-your-own-x,NicolasMontone,Buenos Aires
codecrafters-io/build-your-own-x,musafarouk,"Abuja, Nigeria"
codecrafters-io/build-your-own-x,mzahran001,N/A
codecrafters-io/build-your-own-x,m4salah,"Cairo, Egypt"
codecrafters-io/build-your-own-x,micheleriva,"San Francisco, California, USA"
codecrafters-io/build-your-own-x,maysara-elshewehy,in the world !
codecrafters-io/build-your-own-x,friendlymatthew,NYC
codecrafters-io/build-your-own-x,xunterr,N/A
codecrafters-io/build-your-own-x,sj902,N/A
codecrafters-io/build-your-own-x,jumang4423,N/A
codecrafters-io/build-your-own-x,ojab,N/A
codecrafters-io/build-your-own-x,lfaoro,N/A
codecrafters-io/build-your-own-x,kaysiz,South Africa
codecrafters-io/build-your-own-x,korrectional,Internet
codecrafters-io/build-your-own-x,kezhenxu94,N/A
codecrafters-io/build-your-own-x,karandeeppotato,New Delhi
codecrafters-io/build-your-own-x,juliardi,Indonesia
codecrafters-io/build-your-own-x,erwanvivien,"Paris, France"
codecrafters-io/build-your-own-x,char16t,N/A
codecrafters-io/build-your-own-x,byo-books,N/A
codecrafters-io/build-your-own-x,ash-john1,N/A
codecrafters-io/build-your-own-x,yangshun,N/A
codecrafters-io/build-your-own-x,yairhaimo,N/A
codecrafters-io/build-your-own-x,squibbium-235,"Isle of Wight, United Kingdom"
codecrafters-io/build-your-own-x,Moikapy,N/A
codecrafters-io/build-your-own-x,paralysedforce,N/A
codecrafters-io/build-your-own-x,viniciusbds,"Campina Grande, Paraíba, Br"
codecrafters-io/build-your-own-x,vzhou842,N/A
codecrafters-io/build-your-own-x,dharnarh,"Accra, Ghana"
codecrafters-io/build-your-own-x,UmanShahzad,"New York, USA"
codecrafters-io/build-your-own-x,engineerhead,N/A
codecrafters-io/build-your-own-x,EduardoJM,"Anápolis, Goiás, Brasil"
codecrafters-io/build-your-own-x,deniskyashif,N/A
codecrafters-io/build-your-own-x,DanyRenaudier,Argentina - Bs.As
codecrafters-io/build-your-own-x,matheus-consoli,"São Paulo, Brazil"
codecrafters-io/build-your-own-x,ConanChou,New York
codecrafters-io/build-your-own-x,cmfcmf,Munich
codecrafters-io/build-your-own-x,Chaitya62,India
codecrafters-io/build-your-own-x,MartensCedric,N/A
codecrafters-io/build-your-own-x,Aegwenia,N/A
codecrafters-io/build-your-own-x,bewuethr,"Victoria, BC"
codecrafters-io/build-your-own-x,bsinky,United States
codecrafters-io/build-your-own-x,OAyomide,Berlin
codecrafters-io/build-your-own-x,sinAshish,Earth
codecrafters-io/build-your-own-x,GalindoSVQ,Sevilla
codecrafters-io/build-your-own-x,AmrMKayid,Canada
codecrafters-io/build-your-own-x,AlexFloresVeliz,New York City
codecrafters-io/build-your-own-x,aafa,"Moscow, Russia"
codecrafters-io/build-your-own-x,aasisodiya,India
codecrafters-io/build-your-own-x,ajaypremshankar,Bengaluru
codecrafters-io/build-your-own-x,ahmedash95,"Berlin, Germany"
codecrafters-io/build-your-own-x,R055A,N/A
codecrafters-io/build-your-own-x,aastik7,N/A
codecrafters-io/build-your-own-x,9bany,N/A
codecrafters-io/build-your-own-x,0xflotus,N/A
codecrafters-io/build-your-own-x,mattmakai,"Washington, DC"
codecrafters-io/build-your-own-x,Marcosultymos,"Brasil, Rio de janeiro"
codecrafters-io/build-your-own-x,tolgacangoz,N/A
codecrafters-io/build-your-own-x,Lucas-101,N/A
codecrafters-io/build-your-own-x,peiyuanix,Shanghai
codecrafters-io/build-your-own-x,kevmo314,New York City
codecrafters-io/build-your-own-x,kasvith,Sri Lanka
codecrafters-io/build-your-own-x,jkrup,N/A
codecrafters-io/build-your-own-x,JoseCutileiro,Portugal
codecrafters-io/build-your-own-x,jeremyBanks,Canada
codecrafters-io/build-your-own-x,jefQuery,Must be willing to relocate to
codecrafters-io/build-your-own-x,ishuah,"Nairobi, Kenya"
codecrafters-io/build-your-own-x,indradhanush,India
codecrafters-io/build-your-own-x,htcrefactor,"Seoul, South Korea"
codecrafters-io/build-your-own-x,3xcpy,Germany
codecrafters-io/build-your-own-x,almerion,N/A
codecrafters-io/build-your-own-x,gpressutto5,"Curitiba, Brazil"
codecrafters-io/build-your-own-x,Gokul2003g,Earth
codecrafters-io/build-your-own-x,Frezzle,N/A
codecrafters-io/build-your-own-x,gosukiwi,United States
codecrafters-io/build-your-own-x,biomadeira,"Cambridge, UK"
codecrafters-io/build-your-own-x,fakturk,Prague
codecrafters-io/build-your-own-x,erfanansari,N/A
codecrafters-io/build-your-own-x,eimantas,"Vilnius, Lithuania"
